playerid,playername,position
a53d77e7-e869-4951-80e4-b3d00159ab1e,AJ Lam,Midfielder
a7e899cf-56f8-4c37-8a8e-b3d0015eb15d,Adam Lennox,Half Back
b5da03c4-4a06-4f22-896b-b3d00166ccfe,Agustin Moyano,Half Back
32edf819-abf2-484e-bda0-b3d00166ce1c,Aisake Vakasiuola,Lock
63ad977e-1979-4b32-b73d-b3d00166cf5b,Aisea Nawai,Outside Back
1789b041-7bf5-4674-9aa1-b3d00166ca8a,Aki Tuivailala,Outside Back
d28b13d7-29b9-4a47-a72b-b3d00166d087,Ale Aho,Lock
a81cccc1-8ded-4993-8f2c-b3d0016aa8e7,Alex Harford,Fly Half
9cdeaad6-8a3b-4c6c-9f3c-b3d0015e8ab1,Allan Craig,Lock
666a35c6-12e2-4b68-bddf-b3d00159ea90,Andrew Kellaway,Outside Back
9e2cdd11-a2b5-414d-a2ab-b3d00166d1ca,Andrew Knewstubb,Fly Half
eb10e1e2-ac35-49a7-bb8a-b3d001599b8e,Andy Muirhead,Outside Back
a64d2bb5-2a95-4355-a6a7-b3d00166d2f2,Angelo Smith,Lock
96208bff-1206-4d16-9f18-b3d0015e6b1f,Angus Blyth,Lock
9317f2bc-9cf3-4c81-aa03-b3ee010600d8,Angus Scott-Young,Loose Forward
ebbe90fd-6f21-4f80-95ff-b3d0015e4295,Anton Segner,Loose Forward
0bc15f36-c437-4489-83d1-b3d0015e4c0d,Antonio Shalfoon,Lock
9ab34168-e91d-4ac4-9a02-b3d0015eb64a,Archie Saunders,Outside Back
0543c74a-d271-4cc5-ad9b-b3d00166d485,Arese Poliko,Loose Forward
08853aa9-9aac-4d41-a479-b3d00166d5d2,Augustine Pulu,Half Back
ef857969-64d1-485f-9788-b3d00166bacf,Austin Anderson,Midfielder
e8601da3-42ec-468f-a17f-b3d00166d6f4,Austin Durbidge,Loose Forward
66582f9e-9d31-4a4d-870e-b3d00159b38f,Bailyn Sullivan,Outside Back
fdc0c0b5-03d6-4c14-a488-b3d0015e6d5b,Bayley Kuenzle,Midfielder
6ceabc9a-6dda-4d5c-9c2f-b3d001598f9e,Beauden Barrett,Fly Half
212fc672-a8b3-4ba6-bc7b-b3d00159a181,Ben Donaldson,Fly Half
02141c0b-66cc-4ffe-83b0-b3d0015e6c4b,Ben Grant,Lock
9dd51672-f562-4807-89c8-b3d00166d89f,Ben Volavola,Fly Half
845173da-30fa-417a-9aa0-b3d00159c1e5,Billy Proctor,Midfielder
11421d47-a7a1-4391-b7c7-b3d0015a0c62,Blues Front Row,Front Row
7dea15eb-4470-43a3-beb6-b3d00166da28,Boston Fakafanua,Midfielder
973c8f7b-7782-4395-bf75-b3d00159f8a5,Brad Shields,Loose Forward
8d8b1bd0-99bf-453b-ae80-b3d00159d60a,Brayden Iose,Loose Forward
9defbecd-3fc7-4dae-bb4a-b3d0015e74cf,Braydon Ennor,Midfielder
ecdb12f1-0138-4128-b9a3-b3d0015ebf71,Brett Cameron,Fly Half
d4bada9b-6bcd-4b0a-9707-b3d00159f1a2,Brumbies Front Row,Front Row
33a212fe-a7da-4f84-a88e-b3d0015ebaf5,Cadeyrn Neville,Lock
c50f87e6-ae37-43b0-b053-b3d0015e4f46,Caleb Clarke,Outside Back
daaf48b1-85c7-4cde-9ede-b3d0015e6a19,Caleb Delany,Lock
02a3e1cb-ec02-4ecc-9912-b3d00159ad72,Caleb Tangitau,Outside Back
2f21383e-b9ca-4aff-aae8-b3d00159c308,Callum Harkin,Outside Back
f059cd3e-8c0e-45af-9150-b3d0015e9107,Cam Christie,Lock
d5b94c9b-2479-4f46-b5cd-b3d00159932b,Cam Roigard,Half Back
d348534a-d2b5-4175-ad23-b3d0015e6661,Cameron Millar,Fly Half
3f10c0eb-42a9-4068-9b6a-b3d001599936,Carlo Tizzano,Loose Forward
249fad56-a72a-4fb8-9b95-b3d00166db67,Carter Gordon,Fly Half
375c29e6-f81d-4756-8ebe-b4490112a833,Charlie Brosnan,Lock
8c3dac41-ae88-4e7d-abd8-b3d0015e43aa,Charlie Cale,Loose Forward
41377a53-dbec-47ad-a541-b3d0015a0259,Charlie Gamble,Loose Forward
29514d3e-f4fb-466c-9feb-b3d00159bbe4,Chay Fihaki,Outside Back
d6981e07-2a9a-4a87-9270-b3d00166c1c9,Che Clark,Loose Forward
148cb861-d7d2-4bac-8b8d-b3d00159e355,Chiefs Front Row,Front Row
d16ffff4-837b-48db-b053-b3d00159a52f,Christian Lio-Willie,Loose Forward
6a8b475c-bcc0-48f1-b319-b3ee0105fff7,Clem Halaholo,Lock
e9e7637c-dd7e-4e36-ac2e-b3d00166dd08,Codemeru Vai,Outside Back
88cf4795-4ec4-42cf-8ce3-b3d00159fff8,Cole Forbes,Outside Back
f8ae1ace-b560-4f42-8fc7-b411011ad02f,Cooper Grant,Fly Half
03131eec-883e-4eda-a102-b3d00159ee14,Corey Evans,Midfielder
b2a79c48-6d0c-4151-974c-b3d0015e5c8c,Corey Kellow,Loose Forward
17b72acf-0d52-4707-b680-b3d0015991fa,Corey Toole,Outside Back
4ce02f8a-1d19-485d-8b59-b3d00159b4ce,Cortez Ratima,Half Back
f8cdaa01-340e-4a97-a439-b3d0015e612e,Crusaders Front Row,Front Row
1b52ec1d-2dde-482f-9459-b3d0015e5733,Cullen Grace,Loose Forward
211cccb9-09ac-4e50-93cb-b3d0015e6235,Dallas McLeod,Midfielder
5b7a138e-4d92-478d-a2fa-b3d00159d155,Dalton Papali'i,Loose Forward
aeb3ed49-c16b-4de3-91f2-b3d001598d12,Damian McKenzie,Fly Half
2f042d07-5d4b-4c41-8d8d-b41f011b14e0,Dan Sinkinson,Outside Back
782ff1e1-3097-46a7-8d42-b3d00166de55,Daniel Nelson,Half Back
ef0f4cc0-d461-4b2d-9a92-b3d00159bf7f,Daniel Rona,Midfielder
b4765711-e70f-457a-a657-b3d0015e5506,Darby Lancaster,Outside Back
3a12501d-21fe-4a5c-b98c-b3d0015e5945,Darcy Swain,Lock
c1d5fa3f-609f-400f-991e-b3d0015e87b5,David Feliuai,Midfielder
e8de1b72-d7ac-4fac-a051-b3d00159cf19,David Havili,Midfielder
d1e8aec9-7062-46cb-bf43-b3d0015e418a,Declan Meredith,Outside Back
c36fc60c-0521-44d0-8c9b-b3f501242067,Denzel Samoa,Outside Back
218d204c-ebbb-48f1-b4e7-b3d0015eb2e2,Devan Flanders,Loose Forward
065464dd-fd67-4910-adf9-b3d00166ab3f,Divad Palu,Midfielder
be61e16f-6b41-4c26-a208-b3d00166df81,Dom Gardiner,Loose Forward
fc99c8f6-0719-4858-a04a-b3d00166e0a9,Dominic Ropeti,Loose Forward
d4f16245-3c42-45a7-aa8c-b3d00166e216,Doug Philipson,Half Back
eaea9ab2-360d-430e-8821-b3d00159fec7,Dre Pakeho,Midfielder
5e933ad8-2c77-466f-8a17-b3d00159ae8f,Du'Plessis Kirifi,Loose Forward
4e592053-bd1f-4ecd-9f00-b3d0015e5194,Dylan Pietsch,Outside Back
85b6b94c-126e-4a82-9e75-b3d00166e35a,Dylan Pledger,Half Back
423b144d-a428-4061-a91c-b3d00166e4a2,Eamon Doyle,Lock
af2ffa18-a573-4ee9-91f5-b3d00166e5d7,Eli Langi,Fly Half
989d802d-bd45-4633-a241-b3d00159b12e,Elia Canakaivata,Loose Forward
20dbd815-77a2-497a-94cb-b3d00159b5e7,Emoni Narawa,Outside Back
8120f1db-e747-4df9-9c77-b3d00166e71f,Epeli Momo,Outside Back
d0bac6a0-5513-4bfa-8d79-b3d0015ea6ed,Ere Enari,Half Back
3433ad49-8d64-4b2b-ba7b-b3d0015eaaa0,Etene Nanai-Seturo,Outside Back
d7788f6e-16f9-45c5-bf63-b3d0015e821f,Ethan Blackadder,Loose Forward
63282711-59dc-4884-935c-b3d00159d723,Etonia Waqa,Loose Forward
1a5ceb8e-b5ac-44ac-bc7c-b3d00159fb31,Fabian Holland,Lock
7b0ca89c-527c-49ae-b8f5-b3d00166e850,Faletoi Peni,Midfielder
b0f0b332-4cdb-4e48-b32a-b3d00159bd23,Fehi Fineanganofo,Outside Back
0faacff9-7840-4921-92cf-b3d0015e9888,Fijian Drua Front Row,Front Row
12b18582-cb65-49e3-99a3-b3d00159afea,Filipo Daugunu,Outside Back
51fd5c56-ecc0-4759-bab6-b3d0015e601e,Finlay Christie,Half Back
3dab0341-30d1-4175-a8e1-b3d0015e8f2d,Finn Hurley,Outside Back
9acd0d04-e8cc-4be9-acc1-b3f501242a70,Finn Mackay,Fly Half
3dafdde1-eb6e-45dd-bd68-b3d00166ea09,Fiti Sa,Lock
2c5ccfa8-31e5-4ffd-9d03-b3d00159e6d9,Folau Fakatava,Half Back
828933e3-2ca4-4f45-95b5-b3d0015a04e0,Force Front Row,Front Row
c31f42c4-c5fe-473e-bee2-b3d00166ebf0,Franco Molina,Lock
d621acc6-4c04-4c21-977d-b3d0015e8bdd,Frank Lomani,Half Back
d0c31628-9e45-415e-96ba-b3d00166c0a7,Frankie Goldsbrough,Midfielder
6e9be7fc-1aac-4472-ae24-b3d00159b849,Fraser McReight,Loose Forward
5cb29eb4-a2f6-47b6-ac30-b3d00166ed46,George Bridge,Outside Back
7766f7f0-f265-4ac6-9335-b3d0015e83a4,George Poolman,Outside Back
fb50a3e4-50d8-4019-8440-b3d00166ee69,Glen Vaihu,Outside Back
bcfffd7c-7657-4783-9ebc-b3d00166ef8b,Hamish Muller,Lock
9e7386bc-edb5-4720-820b-b3d00159ecf6,Hamish Stewart,Midfielder
4d9c8b45-d148-4463-93f8-b3d00159dd2e,Harry Godfrey,Fly Half
7057c7fd-c1f2-4ef6-8836-b3d00159e5c0,Harry McLaughlin-Phillips,Fly Half
69facede-05f1-49ed-98fc-b3d00159959a,Harry Potter,Outside Back
0cf615c1-fe37-4622-8fc5-b3d00159c447,Harry Wilson,Loose Forward
41afbfe7-bf1a-40e2-8713-b3d00166f13f,Harvey Cordukes,Lock
bdae032b-c59a-4283-abd5-b3ee010602c4,Henry Palmer,Outside Back
7ab183d7-e55d-4380-ba2d-b3d0016aabd0,Henry Robertson,Half Back
16e14325-491d-4f6a-b40a-b3d0015e583f,Heremaia Murray,Outside Back
90f09c6a-f2ae-4cb6-8609-b3d0015e795e,Highlanders Front Row,Front Row
d275911d-d53c-4369-849a-b3d00159b276,Hoskins Sotutu,Loose Forward
19e291b1-2c40-47d8-9736-b3d00166a709,Hudson Creighton,Midfielder
6e7cdce4-ac64-4b83-9102-b3d0015ead92,Hugh Renton,Loose Forward
0df3126e-8374-4ec1-b998-b3d0015ec20b,Hugo Plummer,Lock
1e99c1e9-7bae-4e38-b7d8-b3d0015e47a8,Hunter Paisami,Midfielder
6bd46607-da11-4fcc-a3c2-b3d0015e7bb2,Hurricanes Front Row,Front Row
05384494-34bc-4680-ab4a-b3d0015ea986,Ilaisa Droasese,Outside Back
ed1a0eb6-c3ea-4f69-8c87-b3d0015e4d13,Inia Tabuavou,Midfielder
c03e2e29-06bd-4331-b316-b3d00166f262,Iosefo Namoce,Midfielder
ad86f008-27e9-4c91-a4b3-b3d00166f3a5,Isaac Henry,Midfielder
0be93881-6ad8-494e-8ed3-b3d00166f4d1,Isaac Hutchinson,Outside Back
6803192e-ad3f-42cb-9e3e-b3d0015e8cf1,Isaia Walker-Leawere,Lock
8d11a868-7ed0-4e35-8f36-b3d00159c695,Isaiah Armstrong-Ravula,Fly Half
7f96bef0-edcf-46cf-9e2e-b3d00166f5f4,Isikeli Basiyalo,Outside Back
d6ea1cb2-c4ae-46a0-96b3-b3d0015e560c,Isikeli Rabitu,Fly Half
5a9d3ce9-e56d-412b-81ad-b3d0015e802e,Isoa Nasilasila,Lock
6fbd4809-e407-4c47-a03e-b3d0015e676d,Isoa Tuwai,Loose Forward
b0a6c7cd-fa8d-428d-83e6-b3d00166f741,Israel Leota,Outside Back
32cf4106-84a9-435e-a556-b3d0015e9dce,Issak Fines-Leleiwasa,Half Back
e90c606a-0f69-413d-b8b2-b3d0015ea2bb,Jack Bowen,Fly Half
489015bd-b453-4b00-9c71-b3ee010617da,Jack Daly,Loose Forward
8a2e74a4-5e60-453b-96d4-b3d0015ec3a7,Jack Debreczeni,Fly Half
62b8bee7-13a7-4149-bba2-b3d0015e926f,Jackson Garden-Bachop,Fly Half
bf4f7afe-d886-467b-96a5-b3d00159b718,Jacob Ratumaitavuki-Kneepkens,Outside Back
1008bf4b-4b67-4b75-9211-b3d0015ec09d,Jahrome Brown,Loose Forward
6c625a52-ade7-4006-a63b-b3d0015eb535,Jake Gordon,Half Back
e87003b9-1521-4fdf-acff-b3d00166afef,Jake Te Hiwi,Midfielder
d5b95252-ca76-479d-a055-b3d00166f8d4,James Cameron,Midfielder
4295162f-3c89-49fa-bc13-b3d00166fa34,James Hendren,Outside Back
95d8f9f7-5029-446e-b218-b3ee0105fedd,James Martens,Half Back
694f517a-15b3-4129-9b52-b3d00166fb6e,James White,Fly Half
d7925778-5918-4809-91bc-b3d0015e8642,Jamie Adamson,Loose Forward
c2130795-ace3-4abb-911d-b3d0015eaf13,Jamie Hannah,Lock
7cf4fbb2-4682-4b50-9b66-b3d00166fcb6,Jarrah McLeod,Midfielder
06c089d6-8103-491b-904e-b3d00166fdf0,Jayden Sa,Lock
37e917f2-f3b6-4ac2-9ed0-b42600ffd3bc,Jed Melvin,Loose Forward
9e919534-e973-4e9b-a49e-b3d00159f644,Jeremy Williams,Lock
762d1622-2844-4667-a52d-b3d00166aa0a,Jimmy Tupou,Lock
ba7fd7ab-a552-4469-ba85-b3d00159dbf8,Jock Campbell,Outside Back
f9ff0d68-4dbd-43e1-9de1-b3d00159c7af,Joe Brial,Loose Forward
83231708-c8a9-4741-9583-b3d00166ff17,Joe Dillon,Fly Half
02762e76-7f7b-45a6-9a49-b403010fc8bc,Joel Lam,Half Back
ffa38fb9-1e44-41f4-8e2a-b3d00159dfa7,Joey Walton,Midfielder
e7cd3291-40b3-45b0-8fcf-b3d0015eb9c0,John Bryant,Loose Forward
7d732f5b-9718-42ef-b079-b40a0111c2ab,Johnny Lee,Loose Forward
c5914c92-0710-44fd-a4fe-b3d0015e76c9,Johnny McNicholl,Outside Back
4341a8b2-7eff-4fcb-a206-b3d001670064,Joji Nasova,Midfielder
05ab9229-6883-44cf-8078-b3d00159de63,Jona Nareki,Outside Back
c406da85-c244-4aa6-b32d-b3d00159f068,Jonah Lowe,Outside Back
a17bf421-5250-4a02-93b3-b3d0015a060c,Jonathan Taumateine,Half Back
ac215118-1238-4743-9f27-b3d0015ebcbc,Jone Rova,Midfielder
e211b3d5-0443-4102-b821-b3d00166c94b,Jordi Viljoen,Half Back
d0053d67-f6a7-4716-800a-b3d001670190,Jordie Barrett,Midfielder
ac921d22-30e1-44f7-bef2-b3d00159c0c3,Joseph-Aukuso Suaalii,Midfielder
9b1a624d-bb6b-42d8-90cf-b3d0015e70fb,Joseva Tamani,Loose Forward
dcf0e7fd-d4e5-421e-a674-b3d00159fc6b,Josh Beehre,Lock
1b8081cb-dda9-4865-a907-b3d0015e52b2,Josh Canham,Lock
95fe1705-0d4d-4abe-91c9-b3d0015e68f6,Josh Flook,Midfielder
883d8f73-11d6-497e-a1c6-b434011215b9,Josh Gray,Outside Back
411ee8e6-cb93-419d-bb95-b3d00159ca02,Josh Jacomb,Fly Half
1075d638-af11-402b-9fae-b3d0015eb404,Josh Lord,Lock
03d9d4f4-bee2-4cbb-b279-b3d0016702d8,Josh Moorby,Outside Back
29fd63a1-a5c2-4c1e-9775-b3d0016703f6,Josh Timu,Midfielder
a190f5ce-efc3-49db-81e1-b3d0016aaa18,Josh Whaanga,Outside Back
b6bd3d55-2689-48c3-9e6d-b3d0015e851b,Julian Savea,Midfielder
3639b9a4-4f84-4455-a978-b3d00166ac95,Kade Banks,Outside Back
f52b23eb-dd0f-4c2b-a1c8-b3d0016aa673,Kadin Pritchard,Midfielder
bd2421fc-fe19-4e0e-8730-b3d0015e44db,Kalani Thomas,Half Back
347a4a75-537f-499c-b5a8-b3d0015e99fb,Kane Koteka,Loose Forward
9de60f9e-3f50-4611-aecd-b3d0015e5051,Kaylum Boshier,Loose Forward
c7e92112-b29d-4855-adc0-b3d00166c59d,Kemu Valetini,Fly Half
9b4df66b-ddec-466d-ac95-b3d00159a791,Kini Naholo,Outside Back
b25b4120-2f91-4748-8f35-b3d0015e5a63,Kitione Salawa,Loose Forward
a6e59a24-ae33-4984-85c5-b3d00166aeba,Klayton Thorn,Half Back
1fa01e1d-d7c0-4d37-95b9-b3f5012422bb,Konrad Toleafoa,Loose Forward
6ef8a63f-1750-4222-8b6a-b411011ad237,Kurtis MacDonald,Outside Back
384f86a9-6b73-447c-9144-b3d0015e9635,Kurtley Beale,Outside Back
5b6b7740-de80-497b-9e8d-b3d001670580,Kye Oates,Midfielder
0289a444-00c3-47b6-ad35-b3d0016706cd,Kyle Brown,Midfielder
0529f64b-fa64-45c5-aaa1-b3d0015e6f97,Kyle Preston,Half Back
c663542c-a8d6-41cc-b7ad-b3d00159a3ec,Kyren Taumoefolau,Outside Back
1d913769-941f-4ba8-aefe-b3d00159ac58,Lachie Anderson,Outside Back
e3611de9-3e6e-4a61-ba21-b3d001670802,Lachlan Hooper,Loose Forward
27c781a5-8b45-430c-acec-b3d0015e89a1,Lachlan Shaw,Lock
110f1ccf-a15a-4050-994e-b3d0015e8e01,Laghlan McWhannell,Lock
45f1f02e-7c0c-4e33-a468-b3d0015e7280,Lalakai Foketi,Midfielder
dfc54e5e-d993-485a-8990-b3d00159ebaa,Lalomilo Lalomilo,Midfielder
003cf583-8db2-4739-b051-b3d00159f521,Lawson Creighton,Fly Half
d41ab125-6641-4b9b-aaf8-b3d0015e93f5,Leafi Talataina,Loose Forward
7125c6bc-11b1-40c5-946a-b3d001670953,Leicester Fainga'anuku,Midfielder
f8deefb3-98b9-4368-87cf-b3d001670a89,Leo Jaques,Outside Back
d51ea549-7a0b-4c88-8d9e-b3d0015996de,Leroy Carter,Outside Back
1f16e80e-5f15-49f8-931f-b3d001670bc3,Liam Coombes-Fabling,Outside Back
bdb72539-a44c-4c7c-88a1-b3d001670d06,Liam Jack,Lock
093e3cab-e5f9-4b6c-ac8a-b3d00166cbbb,Lopeti Faifua,Lock
82dee695-db7a-430a-aec2-b3d001670e40,Louie Chapman,Half Back
735c33fc-6660-4566-95f0-b3d0016aa7b6,Louis Werchon,Half Back
0ecc56a7-aa85-43f8-8f7c-b3ee0105fc10,Lucas Casey,Loose Forward
c4d33785-261d-4233-995b-b3d001670f92,Lucas Cashmore,Fly Half
7b1ad344-b518-4539-b380-b3d00159baaa,Luke Jacobson,Loose Forward
727089bf-a742-45c6-a111-b3d00159ef45,Luke Reimer,Loose Forward
5650d289-14e7-4c9b-be4a-b3d0015e9c45,Lukhan Salakaia-Loto,Lock
f2494e6e-ab70-4011-80b4-b3d0015997f7,Mac Grealy,Outside Back
187355cf-3bdf-474c-bdbd-b3d00159d866,Macca Springer,Outside Back
382e0a1e-d633-4315-a1b2-b3d0016710c3,Maika Tuitubou,Midfielder
9db0359d-9705-4f3f-ba93-b3d00166c450,Malachi Wrampling-Alec,Loose Forward
af8cdb56-d174-4db2-aa5b-b3d001671272,Maloni Kunawave,Outside Back
d26dcfa7-de95-40d4-8eab-b3d0015eac04,Manasa Mataele,Outside Back
2608cfc6-24ef-4259-a64b-b3f501241e19,Matolu Petaia,Loose Forward
1bb8cd93-b535-47f0-8a65-b3d0016713fc,Matt Philip,Lock
fb0c7516-6361-440a-bf72-b3d0015e73a3,Max Burey,Outside Back
af34f0a4-a149-4f41-8702-b3d00159d4f0,Max Jorgensen,Outside Back
2f082968-d82a-4d66-a8e6-b3d0015e7cec,Melani Matavao,Half Back
075b4f04-bfe6-4f8a-a26d-b3d0015e5ed6,Mesake Vocevoce,Lock
c3966b5f-2bcf-4c2f-b38e-b43401121382,Michael Loft,Loose Forward
a9756704-79c7-4c83-905f-b3d00167154d,Michael McDonald,Half Back
bd5ad224-bf93-4c6d-9e88-b3d00166b12e,Miles Amatosero,Lock
186f338e-18eb-45c6-a972-b3d001599cba,Miracle Faiilagi,Loose Forward
d7de7fbe-c73d-4399-b097-b43401016ec2,Mitchell Drummond,Half Back
3ccebd8b-db3f-4084-a01c-b3d0015ea856,Mitchell Dunshea,Lock
6297dd0c-3212-40c5-bf45-b3d0015e7a8f,Moana Pasifika Front Row,Front Row
a45f9fa4-41a4-482a-98de-b3d0015e53cc,Motikiai Murray,Loose Forward
47ae4ee1-18ee-4ff7-adb4-b3d0015e6e91,Naitoa Ah Kuoi,Lock
302893c1-7211-4b6f-9145-b3d00159f9f7,Nathan Hastie,Half Back
7c180754-9ed8-45e2-b41f-b3d001671687,Ngani Laumape,Midfielder
08986187-ca7e-40c1-87f8-b3d00159d3b2,Ngantungane Punivai,Outside Back
867aa261-bc0a-405a-ba81-b42600ffd591,Nic Shearer,Half Back
8cdd57f9-2857-4f03-a232-b3d0015e5b6a,Nicholas Champion de Crespigny,Loose Forward
aa2f06c5-8d05-4bd6-a432-b3d001671844,Nick Conway,Outside Back
2a8ce923-0b07-4607-a242-b3d00159f3e7,Nick Frost,Lock
ac2864a3-0c27-4163-80ff-b3d001671967,Niko Jones,Loose Forward
fafc3339-feed-4846-8396-b3d0015ea3ec,Nikora Broughton,Loose Forward
503ebc3b-cb20-46fa-b6c5-b3d00159f782,Noah Hotham,Half Back
9ece93db-179a-4f1f-a52c-b3d00166c6d7,Ofa Tauatevalu,Lock
947ba5aa-3df1-492d-9011-b3d0015eb89d,Ola Tauelangi,Loose Forward
dff0ef7f-0af3-4e50-8b6f-b43401016c86,Oli Mathis,Loose Forward
0fd3f5bd-d9c0-4047-b5ac-b3d0015ec73e,Oliver Haig,Loose Forward
b54f4a7f-bfd0-4e94-8fab-b3d00159e0e1,Ollie Sapsford,Outside Back
a3012d14-8909-4cc8-a393-b3d00159c55b,Patrick Pellegrini,Fly Half
73001f4f-7b58-4073-93ed-b3d0015e4e3f,Patrick Tuipulotu,Lock
c677a051-e8f1-4dae-bb3c-b3d001671b12,Payton Spencer,Outside Back
86bcf328-c904-4ffe-8875-b3d001671c47,Pete Samu,Loose Forward
e05e477b-4e43-49bd-8799-b3d00159b983,Peter Lakai,Loose Forward
3b7e4c50-76f1-47fa-8dfa-b3d0015ea1a2,Philip Baselala,Half Back
e8c89d26-8d71-41d8-baf2-b3d001671d86,Pita Ahki,Midfielder
c29341c2-a17a-47e3-bdf6-b3d001599df4,Ponipate Loganimasi,Outside Back
3d072912-fbba-41d7-9b93-b3d00159a2bb,Quinn Tupaea,Midfielder
842e57e0-8ec3-45ac-9feb-b3d00159dab0,Reds Front Row,Front Row
86fe4a8d-f250-4b36-8080-b3d0015ec4ae,Reesjan Pasitoa,Fly Half
96718b97-68d8-4d05-9075-b43401016a90,Reon Paul,Outside Back
8c91eea2-41e4-470f-a17c-b3d001671eb2,Rico Simpson,Fly Half
bb575472-40e0-4ab6-bb2e-b3d0015e783c,Riley Higgins,Midfielder
6ba1fe11-888f-433e-944f-b3d00159be6b,Rivez Reihana,Fly Half
17925ffa-3302-4ff2-8d96-b3d00159e826,Rob Valetini,Loose Forward
8e07bdab-78ad-4a19-b139-b3d001671ff1,Ronan Leahy,Outside Back
00d76fe4-b144-4089-8c81-b3d0015e45ea,Rory Scott,Loose Forward
157c330e-fda7-45de-bdce-b3d00159a068,Ruben Love,Outside Back
d5dff33e-8bf6-410e-94f0-b3d0015e4ae1,Ryan Lonergan,Half Back
91cf392e-9187-4ed8-96b9-b3d001672121,Sam Darry,Lock
5de0539d-9311-4234-833e-b3d0015e9512,Sam Nock,Half Back
3acb4f44-b27a-4bc2-b374-b3fc0125de28,Sam Tuitupou,Loose Forward
91ce996d-597d-4d2e-84d7-b3d00159e952,Samipeni Finau,Loose Forward
a77649a4-57ce-47c7-b9bd-b3d0015a08d0,Scott Barrett,Lock
aeca68f1-15ae-45c0-a4e6-b3d0015a0742,Sean Withy,Loose Forward
dc8c2baa-74e2-45a0-9152-b3d00166a880,Semisi Paea,Loose Forward
478ca0db-ac79-47ca-ae9d-b3d00159a9ee,Semisi Tupou Ta'eiloa,Loose Forward
b741a265-19a8-4c5f-a7f2-b3d00159d298,Seru Uru,Loose Forward
0fccd1f7-a500-4e11-bac5-b3d001598e55,Sevu Reece,Outside Back
edce94bf-4a71-46dc-8af5-b3d00167224d,Shane Wilcox,Outside Back
2192ad20-dc61-4bb6-9cc4-b3d00167239a,Siaosi Nginingini,Half Back
6dd2ea3f-c8f4-4478-a592-b3d0016724d9,Sid Harvey,Outside Back
51428d4f-88ef-4fce-865d-b3d0015e5db3,Simione Kuruvoli,Half Back
64388506-f68c-4db8-a940-b3d00159e49d,Simon Parker,Loose Forward
417659d8-fa12-4d40-9a0d-b3f501241f53,Simon-Peter Toleafoa,Outside Back
cae2101c-0fce-4b9d-b4f2-b3d0015e49da,Solomon Alaimalo,Outside Back
9ab4824d-2185-4f6c-bc26-b3d001672626,Stanley Solomon,Outside Back
27730d88-edd3-4813-9a7b-b3d00166b2c1,Stephen Perofeta,Outside Back
f6488867-297d-4564-b4b1-b3d0015e48cf,TK Howden,Loose Forward
6647be22-e310-46bc-aeed-b3d0015a0a14,Taha Kemara,Fly Half
61492533-8716-4014-af9e-b3d0015ec5b4,Tahlor Cahill,Lock
df6f6c83-a2ab-4965-93a9-b3d00166b7ca,Tai Cribb,Lock
3692884d-8476-439c-9214-b3d0015a0b32,Taine Robinson,Outside Back
7b67d942-af02-47d0-a5e3-b40a0111c51a,Taj Annan,Midfielder
7e52504f-6f2f-4f5a-8c33-b3d0015a0394,Tane Edmed,Fly Half
ba07566c-99e8-4101-b94b-b3d00159f2c9,Taniela Rakuro,Outside Back
389c12cd-230a-4ec2-bbc9-b3d00159e224,Tanielu Tele'a,Midfielder
0ab24ad3-b132-4a04-b246-b3d00159a652,Tate McDermott,Half Back
db9cce94-bd7c-48d7-9b46-b3d0015eb048,Taufa Funaki,Half Back
20d1ab71-3b68-4249-94ca-b3d00166c816,Te Toiroa Tahuriorangi,Half Back
897b8a63-0c8d-4164-91b1-b3d00159fd84,Teddy Wilson,Half Back
4f6bb6d7-869b-456a-89df-b3d0016727cb,Temo Mayanavanua,Lock
563b8c04-74c8-461e-ae82-b3d00167291d,Tepaea Cook-Savage,Fly Half
dc803e88-a223-4dbc-8b6a-b3d001672a5c,Terrell Peita,Loose Forward
e32f06fe-464e-4322-a617-b3d001672c0b,Tevita Latu,Midfielder
4c7881e3-3a6d-4e4c-b03e-b3d00159c8e9,Tevita Ofa,Outside Back
7a6915e2-49b4-4b58-9517-b3d00159cdc8,Tim Ryan,Outside Back
94d47e01-4ca3-48de-a0c5-b3d0015990d8,Timoci Tavatavanawai,Midfielder
1843acf7-23a6-4a2f-9ad2-b3d00166c316,Titi Nofoagatotoa,Loose Forward
a36e20dc-29bb-4d7d-b0fa-b3d0016a98c1,Toby Bell,Midfielder
47f0208f-3f79-4533-b3b6-b3d0016a9a1c,Toby Macpherson,Lock
5e507072-7867-4887-b6f3-b3d0016a9b7b,Tom Allen,Lock
81dfb01c-e185-4eef-9f1e-b3d00159a8b8,Tom Lynagh,Fly Half
d5bd6123-ed91-4350-a3fa-b3ee0105fe0a,Tom Robinson,Loose Forward
42516052-483c-4d4c-8c4c-b3d0015ea4f7,Tom Savage,Lock
6e48c6a3-65eb-4a54-a742-b3d001599473,Tom Wright,Outside Back
345cbc97-42d0-48cc-8c98-b3d0016a9cac,Tomas Lavanini,Lock
7b3e0321-28a2-4b06-80bb-b3f50124176e,Torian Barnes,Loose Forward
bc863805-607b-488d-9de4-b3d0016a9e7c,Treyvon Pritchard,Outside Back
d673b98d-87b2-4c22-830f-b3d00159d037,Triston Reilly,Outside Back
76da3239-742c-40c6-9af1-b3d00166bf89,Tristyn Cook,Loose Forward
c78fe1c0-f6b5-435a-8507-b3d0015e9b2b,Tuaina Taii Tualima,Loose Forward
46ac1619-afc9-4bb7-b762-b3d0015e7f0b,Tuidraki Samusamuvodre,Midfielder
84eaebc5-b88f-4fee-adc1-b3d0015ebdff,Tuna Tuitama,Outside Back
210372fe-2304-48cc-86f8-b3d0016a9fbb,Tupou Ma'afu-Afungia,Loose Forward
35b2e990-964a-4588-9373-b3d00159d992,Tupou Vaa'i,Lock
6633356b-ae43-4a54-a128-b403010fcacd,Tyler Pulini,Fly Half
99b045d3-d1ce-42a1-8767-b3d0015e9ef1,Vaiolini Ekuasi,Loose Forward
01115164-140e-4413-84fe-b3ee0105fd17,Vaiuta Latu,Loose Forward
5375826a-985a-49b5-a7db-b3f5012421a1,Veikoso Poloniati,Lock
66c8cc21-860d-4ebe-b241-b3d00159cc92,Veveni Lasaqa,Loose Forward
384c289c-6c63-4757-a4b0-b3d0015eca93,Vilive Miramira,Loose Forward
d309e617-26aa-41bc-a075-b3ee0106038e,Virimi Vakatawa,Midfielder
1f348e98-0cf4-490b-afd4-b3d0015e63ba,Wallace Sititi,Loose Forward
6e74bbb2-a168-4bc9-8aa6-b3d00159cb25,Waratahs Front Row,Front Row
ad23642f-27a4-42f2-8c6c-b3d0016aa1d1,Warner Dearns,Lock
551c560a-2c63-4918-a0df-b3d0015a0145,Will Harris,Loose Forward
9601da0b-d4f3-46bb-b41f-b3d001599a4a,Will Jordan,Outside Back
2f858a11-4656-4cdc-9a3d-b3d0016aa38a,Will McCulloch,Outside Back
487a386d-72e6-4226-8ac6-b3d0015eb75e,Will Stodart,Loose Forward
d8c4963a-5333-4607-8a58-b3ee010516ae,Will Tucker,Lock
7a2f0814-b095-46f3-9773-b3d001599f25,William Havili,Outside Back
303ef60c-0a88-4be5-8448-b3d0015e7e00,Xavi Taele,Midfielder
2ec18e8b-76f2-4020-931e-b3d0015e6535,Xavier Roe,Half Back
9ba925fa-c37e-4312-a566-b3f501242693,Xavier Rubens,Midfielder
4c48a664-238c-4044-ba61-b3d0015ec857,Xavier Saifoloi,Loose Forward
793b2027-7095-49d5-983a-b3d0016aa4bf,Xavier Tito-Harris,Outside Back
b5ec505c-a31e-4233-838e-b411011ad402,Zac Lomax,Outside Back
92c96819-5728-4240-a5c4-b3d00166b5af,Zarn Sullivan,Outside Back
